Date,Open*,High,Low,Close,Volume,Market Cap
"Nov 18, 2021",$218.88,$222.88,$187.67,$195.49,"$3,911,214,658","$59,331,802,493"
"Nov 17, 2021",$219.30,$222.03,$210.03,$218.72,"$2,982,505,239","$66,373,496,998"
"Nov 16, 2021",$238.50,$238.50,$215.44,$219.24,"$3,557,977,024","$66,531,928,024"
"Nov 15, 2021",$238.73,$245.98,$235.10,$237.55,"$2,414,551,003","$72,029,066,276"
"Nov 14, 2021",$241.86,$242.04,$230.69,$238.43,"$1,705,211,600","$72,293,544,194"
"Nov 13, 2021",$228.60,$241.83,$225.08,$241.83,"$2,322,796,265","$73,293,750,861"
"Nov 12, 2021",$233.72,$238.70,$221.25,$228.50,"$3,022,054,714","$69,224,723,049"
"Nov 11, 2021",$233.91,$246.45,$229.75,$234.24,"$2,693,456,862","$70,963,380,125"
"Nov 10, 2021",$239.13,$247.95,$218.39,$233.78,"$3,873,202,098","$70,752,977,716"
"Nov 09, 2021",$248.36,$253.18,$237.90,$239.21,"$2,819,309,492","$72,397,587,680"
"Nov 08, 2021",$249.98,$253.25,$241.14,$248.47,"$3,344,410,176","$75,198,457,438"
"Nov 07, 2021",$258.78,$258.85,$246.12,$249.82,"$2,624,869,522","$75,574,730,065"
"Nov 06, 2021",$236.49,$260.06,$235.29,$258.93,"$3,869,779,683","$77,993,805,663"
"Nov 05, 2021",$247.27,$248.38,$231.16,$236.47,"$2,752,870,913","$71,196,323,358"
"Nov 04, 2021",$243.10,$250.47,$235.15,$247.39,"$4,440,296,290","$74,482,231,058"
"Nov 03, 2021",$221.08,$246.32,$216.20,$242.90,"$6,024,951,132","$73,130,864,696"
"Nov 02, 2021",$203.52,$222.23,$201.18,$220.24,"$3,020,087,232","$66,278,399,298"
"Nov 01, 2021",$202.63,$211.36,$198.24,$203.55,"$3,157,612,663","$61,255,124,967"
"Oct 31, 2021",$195.77,$205.16,$186.06,$202.42,"$2,577,364,486","$61,003,141,450"
"Oct 30, 2021",$200.23,$200.39,$187.82,$195.42,"$1,732,207,667","$58,865,399,788"
"Oct 29, 2021",$194.91,$204.90,$194.91,$200.18,"$2,468,703,579","$60,301,394,604"
"Oct 28, 2021",$184.52,$201.05,$182.22,$194.86,"$3,463,958,628","$58,672,510,570"
"Oct 27, 2021",$199.87,$205.40,$178.73,$183.77,"$4,552,692,842","$55,333,662,364"
"Oct 26, 2021",$209.53,$213.98,$197.49,$199.81,"$3,194,205,752","$60,161,132,950"
"Oct 25, 2021",$202.32,$218.73,$198.20,$210.10,"$4,837,376,169","$63,232,871,504"
"Oct 24, 2021",$197.97,$204.72,$185.57,$202.36,"$3,413,057,378","$60,902,871,290"
"Oct 23, 2021",$196.30,$205.67,$192.56,$197.70,"$3,253,670,286","$59,473,993,983"
"Oct 22, 2021",$190.45,$214.04,$188.27,$196.43,"$7,486,821,306","$59,091,364,718"
"Oct 21, 2021",$176.77,$193.60,$176.77,$190.32,"$6,865,815,461","$57,226,164,606"
"Oct 20, 2021",$155.88,$176.44,$155.20,$175.95,"$3,315,306,825","$52,904,574,750"
"Oct 19, 2021",$157.21,$159.41,$153.22,$156.02,"$1,400,902,548","$46,912,067,427"
"Oct 18, 2021",$160.00,$162.86,$155.03,$157.23,"$1,698,878,759","$47,254,003,672"
"Oct 17, 2021",$157.46,$167.43,$154.09,$159.74,"$2,168,838,138","$47,991,515,200"
"Oct 16, 2021",$163.01,$164.71,$156.74,$157.54,"$1,531,502,795","$47,304,541,727"
"Oct 15, 2021",$150.05,$165.12,$146.98,$162.60,"$3,970,589,003","$48,823,235,028"
"Oct 14, 2021",$148.02,$155.33,$147.33,$149.76,"$1,948,101,208","$44,950,465,986"
"Oct 13, 2021",$152.52,$155.35,$144.41,$148.18,"$2,105,226,551","$44,438,380,256"
"Oct 12, 2021",$145.01,$153.26,$137.81,$152.74,"$2,853,992,440","$45,806,350,192"
"Oct 11, 2021",$147.80,$153.92,$140.36,$144.86,"$1,851,795,187","$43,418,344,986"
"Oct 10, 2021",$156.75,$158.36,$146.90,$148.05,"$1,556,965,341","$44,350,090,749"
"Oct 09, 2021",$158.70,$161.41,$154.87,$156.83,"$1,522,023,824","$46,957,713,350"
"Oct 08, 2021",$154.26,$168.85,$152.76,$158.95,"$2,781,848,650","$47,593,592,988"
"Oct 07, 2021",$153.96,$161.36,$150.54,$154.28,"$2,579,187,256","$45,995,023,049"
"Oct 06, 2021",$164.61,$165.36,$150.77,$154.11,"$3,259,712,887","$45,922,341,980"
"Oct 05, 2021",$166.99,$169.98,$160.59,$164.12,"$2,541,087,419","$48,902,559,644"
"Oct 04, 2021",$172.96,$172.96,$162.77,$166.73,"$3,109,040,100","$49,659,370,563"
"Oct 03, 2021",$169.11,$176.97,$166.07,$172.59,"$3,149,579,954","$51,403,969,859"
"Oct 02, 2021",$161.59,$174.90,$156.32,$169.09,"$3,471,658,582","$50,362,758,463"
"Oct 01, 2021",$141.38,$164.74,$138.44,$161.68,"$4,387,488,320","$48,133,442,239"
"Sep 30, 2021",$135.41,$142.85,$134.31,$141.07,"$2,244,376,110","$41,975,552,359"
"Sep 29, 2021",$132.34,$140.04,$131.23,$135.35,"$2,428,105,040","$40,274,326,399"
"Sep 28, 2021",$136.51,$139.29,$128.24,$131.54,"$2,422,542,861","$39,121,381,241"
"Sep 27, 2021",$135.93,$148.50,$133.98,$136.73,"$2,867,246,888","$40,665,406,680"
"Sep 26, 2021",$136.22,$140.78,$125.12,$135.70,"$2,674,182,809","$40,359,412,133"
"Sep 25, 2021",$139.30,$144.07,$134.11,$136.18,"$2,037,106,949","$40,483,409,214"
"Sep 24, 2021",$149.94,$151.20,$128.80,$139.40,"$3,852,350,632","$41,439,741,432"
"Sep 23, 2021",$148.06,$152.36,$143.20,$149.75,"$3,389,212,044","$44,498,459,173"
"Sep 22, 2021",$124.18,$150.94,$122.35,$147.92,"$4,952,222,859","$43,948,674,199"
"Sep 21, 2021",$132.76,$144.47,$116.34,$123.95,"$5,243,953,819","$36,826,034,434"
"Sep 20, 2021",$152.79,$153.39,$131.26,$132.13,"$5,623,667,250","$39,239,569,158"
"Sep 19, 2021",$169.23,$170.65,$151.25,$152.52,"$3,350,530,308","$45,292,491,129"
"Sep 18, 2021",$147.45,$171.14,$144.39,$169.18,"$5,415,012,910","$50,219,084,924"
"Sep 17, 2021",$152.35,$153.44,$135.25,$147.59,"$4,675,731,485","$43,810,237,551"
"Sep 16, 2021",$158.81,$163.12,$147.65,$152.47,"$3,215,168,472","$45,259,139,925"
"Sep 15, 2021",$158.42,$166.18,$154.24,$159.12,"$3,908,939,772","$47,209,150,397"
"Sep 14, 2021",$169.77,$171.30,$143.55,$158.09,"$5,799,758,794","$46,905,809,823"
"Sep 13, 2021",$174.42,$174.93,$150.97,$169.27,"$6,437,530,449","$49,682,465,101"
"Sep 12, 2021",$179.23,$181.57,$170.58,$174.54,"$3,012,633,094","$51,204,891,389"
"Sep 11, 2021",$179.37,$193.41,$175.57,$178.87,"$5,367,389,010","$52,475,356,326"
"Sep 10, 2021",$187.61,$196.95,$168.69,$179.87,"$7,087,524,572","$52,738,113,948"
"Sep 09, 2021",$209.47,$214.96,$181.45,$188.20,"$12,676,272,744","$55,154,395,898"
"Sep 08, 2021",$173.28,$197.99,$147.99,$191.04,"$13,187,213,606","$55,944,567,504"
"Sep 07, 2021",$164.18,$194.82,$133.10,$173.15,"$17,068,643,416","$50,680,710,100"
"Sep 06, 2021",$142.06,$165.88,$138.04,$164.38,"$5,774,090,688","$47,900,300,588"
"Sep 05, 2021",$138.99,$145.00,$135.08,$142.07,"$2,996,918,105","$41,399,255,561"
"Sep 04, 2021",$146.42,$150.43,$136.45,$139.11,"$3,970,422,964","$40,517,769,039"
"Sep 03, 2021",$128.39,$148.83,$128.39,$146.58,"$7,526,373,837","$42,693,513,645"
"Sep 02, 2021",$110.73,$131.96,$109.65,$128.10,"$5,074,399,603","$37,259,468,690"
"Sep 01, 2021",$107.44,$119.53,$106.27,$111.03,"$3,974,443,896","$32,279,142,628"
"Aug 31, 2021",$109.76,$130.01,$103.35,$108.48,"$7,590,894,022","$31,578,154,529"
"Aug 30, 2021",$94.34,$116.85,$94.04,$110.54,"$5,274,104,165","$32,162,385,738"
"Aug 29, 2021",$96.56,$97.78,$90.99,$94.47,"$1,830,344,091","$27,485,451,270"
"Aug 28, 2021",$88.00,$97.84,$85.79,$96.70,"$2,580,080,503","$28,135,310,599"
"Aug 27, 2021",$74.81,$88.85,$72.72,$88.09,"$3,263,988,286","$25,615,973,857"
"Aug 26, 2021",$71.97,$78.06,$66.26,$75.32,"$2,713,050,538","$21,902,216,868"
"Aug 25, 2021",$70.68,$72.70,$66.22,$71.95,"$1,551,240,766","$20,923,790,994"
"Aug 24, 2021",$75.78,$79.37,$68.62,$70.67,"$2,153,611,667","$20,541,377,500"
"Aug 23, 2021",$72.77,$76.71,$71.68,$75.71,"$1,372,134,245","$21,708,006,370"
"Aug 22, 2021",$73.87,$77.48,$71.55,$72.80,"$968,933,849","$20,875,322,466"
"Aug 21, 2021",$78.70,$81.81,$72.70,$73.76,"$1,513,097,171","$21,137,257,124"
"Aug 20, 2021",$72.75,$79.99,$70.94,$78.72,"$1,844,455,899","$22,561,143,908"
"Aug 19, 2021",$72.84,$75.09,$68.61,$72.76,"$2,467,398,203","$20,840,771,193"
"Aug 18, 2021",$64.17,$80.12,$60.27,$72.54,"$4,507,409,622","$20,779,131,389"
"Aug 17, 2021",$62.12,$74.89,$58.98,$64.21,"$4,043,742,154","$18,392,377,588"
"Aug 16, 2021",$53.54,$68.82,$52.47,$62.43,"$3,799,339,365","$17,874,089,307"
"Aug 15, 2021",$44.15,$54.63,$43.45,$53.75,"$1,448,656,564","$15,386,975,521"
"Aug 14, 2021",$44.85,$44.87,$42.94,$44.11,"$363,834,257","$12,629,306,463"
"Aug 13, 2021",$41.11,$44.90,$40.72,$44.89,"$541,894,525","$12,769,451,326"
"Aug 12, 2021",$41.70,$43.40,$39.38,$41.10,"$527,833,804","$11,689,996,880"
"Aug 11, 2021",$40.65,$43.74,$40.63,$41.74,"$507,980,107","$11,872,222,934"
"Aug 10, 2021",$38.68,$41.66,$38.22,$40.64,"$452,480,699","$11,079,929,651"
"Aug 09, 2021",$37.66,$40.00,$36.48,$38.77,"$377,034,585","$10,569,548,743"
"Aug 08, 2021",$39.47,$39.53,$36.94,$37.67,"$358,570,315","$10,271,294,580"
"Aug 07, 2021",$39.49,$40.51,$37.63,$39.40,"$534,979,916","$10,742,861,246"
"Aug 06, 2021",$37.36,$40.39,$35.69,$39.45,"$589,190,671","$10,754,484,235"
"Aug 05, 2021",$35.77,$38.21,$35.53,$37.36,"$595,137,193","$10,184,408,504"
"Aug 04, 2021",$34.11,$36.65,$33.27,$35.76,"$413,657,602","$9,750,503,201"
"Aug 03, 2021",$33.19,$35.83,$32.40,$34.00,"$474,629,269","$9,268,701,567"
"Aug 02, 2021",$34.19,$35.91,$33.06,$33.22,"$407,399,691","$9,057,674,911"
"Aug 01, 2021",$36.68,$36.72,$33.28,$34.25,"$490,639,931","$9,339,020,651"
"Jul 31, 2021",$32.35,$36.87,$31.68,$36.83,"$587,168,181","$10,040,503,858"
"Jul 30, 2021",$31.28,$33.06,$30.07,$32.39,"$617,830,199","$8,831,801,354"
"Jul 29, 2021",$27.88,$31.89,$27.37,$31.28,"$448,009,571","$8,528,409,074"
"Jul 28, 2021",$28.15,$28.75,$27.41,$27.82,"$315,682,626","$7,583,522,026"
"Jul 27, 2021",$28.21,$28.95,$27.01,$28.07,"$375,599,550","$7,651,658,236"
"Jul 26, 2021",$28.23,$31.05,$27.90,$28.31,"$743,673,802","$7,717,450,000"
"Jul 25, 2021",$28.65,$28.87,$26.53,$28.17,"$309,208,018","$7,679,861,963"
"Jul 24, 2021",$28.52,$29.51,$28.07,$28.70,"$353,750,758","$7,825,408,615"
"Jul 23, 2021",$27.71,$28.69,$26.43,$28.51,"$407,955,237","$7,773,950,587"
"Jul 22, 2021",$26.67,$28.14,$25.95,$27.70,"$364,666,998","$7,552,624,200"
"Jul 21, 2021",$23.44,$27.42,$22.87,$26.62,"$555,770,206","$7,258,448,090"
"Jul 20, 2021",$24.51,$24.98,$22.18,$23.49,"$413,439,963","$6,404,131,917"
"Jul 19, 2021",$26.67,$26.72,$24.01,$24.45,"$361,915,410","$6,665,324,427"
"Jul 18, 2021",$26.78,$27.73,$26.36,$26.75,"$230,336,396","$7,293,572,048"
"Jul 17, 2021",$26.25,$27.70,$26.04,$26.72,"$289,689,475","$7,285,326,695"
"Jul 16, 2021",$28.55,$29.44,$26.23,$26.37,"$374,718,328","$7,189,451,552"
"Jul 15, 2021",$31.36,$31.48,$28.01,$28.45,"$329,918,376","$7,757,107,712"
"Jul 14, 2021",$29.14,$31.44,$27.52,$31.28,"$331,866,434","$8,528,371,236"
"Jul 13, 2021",$30.79,$31.09,$28.92,$29.12,"$197,825,362","$7,939,526,439"
"Jul 12, 2021",$32.17,$32.64,$30.07,$30.85,"$221,058,993","$8,410,343,323"
"Jul 11, 2021",$31.69,$32.54,$31.41,$32.18,"$211,679,810","$8,772,884,240"
"Jul 10, 2021",$33.32,$34.14,$31.19,$31.79,"$296,566,657","$8,666,774,458"
"Jul 09, 2021",$33.13,$34.39,$31.99,$33.26,"$327,170,629","$9,069,188,075"
"Jul 08, 2021",$36.72,$36.92,$32.80,$33.20,"$498,201,257","$9,052,578,353"
"Jul 07, 2021",$34.23,$38.01,$33.84,$36.59,"$519,252,659","$9,976,177,349"
"Jul 06, 2021",$32.93,$34.98,$32.93,$34.27,"$365,336,040","$9,343,050,097"
"Jul 05, 2021",$34.28,$34.46,$32.48,$32.98,"$313,839,322","$8,992,833,088"
"Jul 04, 2021",$34.50,$35.50,$33.56,$34.31,"$303,420,520","$9,354,354,087"
"Jul 03, 2021",$34.02,$35.40,$33.30,$34.48,"$327,019,964","$9,400,215,615"
"Jul 02, 2021",$33.31,$34.03,$31.48,$34.02,"$440,298,780","$9,275,256,700"
"Jul 01, 2021",$35.51,$35.54,$32.39,$33.40,"$474,665,321","$9,107,189,782"
"Jun 30, 2021",$33.96,$35.95,$31.60,$35.56,"$570,984,168","$9,694,007,086"
"Jun 29, 2021",$33.01,$35.79,$32.73,$33.87,"$471,854,279","$9,233,357,638"
"Jun 28, 2021",$31.88,$34.24,$31.04,$32.93,"$473,612,135","$8,977,345,683"
"Jun 27, 2021",$29.75,$31.93,$29.27,$31.93,"$497,353,288","$8,705,146,914"
"Jun 26, 2021",$28.61,$30.01,$26.71,$29.71,"$560,342,710","$8,100,836,463"
"Jun 25, 2021",$31.17,$32.90,$28.04,$28.70,"$632,052,177","$7,824,384,002"
"Jun 24, 2021",$30.85,$32.99,$28.55,$31.18,"$641,150,364","$8,501,117,110"
"Jun 23, 2021",$26.91,$32.77,$25.70,$30.05,"$1,111,302,687","$8,192,451,330"
"Jun 22, 2021",$26.59,$28.71,$20.38,$26.77,"$1,258,580,061","$7,299,009,873"
"Jun 21, 2021",$35.26,$35.50,$25.95,$26.66,"$760,344,541","$7,267,805,028"
"Jun 20, 2021",$35.24,$35.93,$31.36,$35.32,"$452,587,531","$9,630,102,394"
"Jun 19, 2021",$36.82,$37.35,$34.98,$35.35,"$264,640,750","$9,638,669,476"
"Jun 18, 2021",$39.27,$39.43,$35.00,$36.65,"$424,163,369","$9,991,833,809"
"Jun 17, 2021",$39.69,$41.24,$38.29,$39.26,"$417,775,600","$10,704,997,764"
"Jun 16, 2021",$39.55,$41.50,$37.50,$39.70,"$576,016,902","$10,824,691,940"
"Jun 15, 2021",$40.54,$41.76,$39.44,$41.15,"$605,285,143","$11,220,024,465"
"Jun 14, 2021",$38.70,$40.48,$36.81,$38.71,"$477,871,463","$10,554,627,165"
"Jun 13, 2021",$36.51,$39.36,$34.78,$38.77,"$452,988,674","$10,570,271,764"
"Jun 12, 2021",$36.16,$37.61,$34.32,$36.44,"$549,070,417","$9,935,368,469"
"Jun 11, 2021",$41.11,$41.31,$35.31,$36.05,"$518,666,603","$9,827,512,516"
"Jun 10, 2021",$42.02,$43.00,$39.60,$41.10,"$595,246,689","$11,205,036,431"
"Jun 09, 2021",$41.28,$44.00,$39.37,$42.03,"$1,218,831,041","$11,459,435,797"
"Jun 08, 2021",$38.25,$42.48,$33.69,$41.52,"$1,786,996,802","$11,319,309,882"
"Jun 07, 2021",$42.25,$44.10,$38.09,$38.26,"$923,157,614","$10,431,744,177"
"Jun 06, 2021",$39.75,$43.38,$38.96,$42.31,"$794,387,364","$11,534,847,408"
"Jun 05, 2021",$37.42,$42.82,$37.10,$39.59,"$1,112,426,664","$10,792,461,951"
"Jun 04, 2021",$39.58,$39.61,$34.31,$37.42,"$1,056,279,506","$10,200,748,813"
"Jun 03, 2021",$34.02,$41.15,$33.79,$39.47,"$960,056,106","$10,761,246,545"
"Jun 02, 2021",$30.94,$35.04,$30.43,$33.96,"$497,567,418","$9,257,762,745"
"Jun 01, 2021",$32.77,$33.29,$29.88,$30.99,"$432,053,117","$8,447,741,687"
"May 31, 2021",$28.60,$32.98,$27.52,$32.82,"$534,826,504","$8,946,936,843"
"May 30, 2021",$27.41,$29.75,$25.65,$28.60,"$359,661,704","$7,798,155,351"
"May 29, 2021",$29.00,$30.02,$25.75,$27.38,"$376,859,866","$7,463,837,085"
"May 28, 2021",$33.68,$34.50,$28.07,$29.04,"$600,255,582","$7,917,193,697"
"May 27, 2021",$35.48,$35.53,$31.13,$33.58,"$649,389,058","$9,156,416,571"
"May 26, 2021",$30.05,$37.24,$29.01,$35.54,"$1,069,991,365","$9,689,483,978"
"May 25, 2021",$31.40,$33.13,$26.10,$30.00,"$909,470,305","$8,178,326,113"
"May 24, 2021",$24.50,$32.09,$24.50,$31.28,"$1,346,786,023","$8,529,072,275"
"May 23, 2021",$31.23,$32.44,$19.14,$24.69,"$1,925,832,341","$6,731,076,773"
"May 22, 2021",$38.99,$40.01,$31.25,$31.32,"$1,078,751,751","$8,537,799,811"
"May 21, 2021",$44.45,$47.65,$33.84,$38.81,"$1,769,762,028","$10,581,836,076"
"May 20, 2021",$35.04,$51.26,$32.32,$44.74,"$2,487,748,626","$12,198,547,361"
"May 19, 2021",$56.09,$57.53,$29.43,$35.11,"$2,772,224,999","$9,571,532,158"
"May 18, 2021",$46.66,$58.30,$46.19,$55.91,"$2,025,388,219","$15,243,420,387"
"May 17, 2021",$46.90,$51.88,$43.30,$46.86,"$1,951,921,366","$12,776,663,874"
"May 16, 2021",$43.40,$52.50,$41.92,$47.20,"$1,990,976,771","$12,868,711,981"
"May 15, 2021",$42.70,$45.39,$39.37,$43.46,"$500,445,722","$11,849,179,251"
"May 14, 2021",$41.03,$44.79,$39.99,$42.72,"$504,167,711","$11,646,488,804"
"May 13, 2021",$43.24,$45.42,$37.53,$41.00,"$1,016,860,656","$11,177,548,615"
"May 12, 2021",$44.59,$48.98,$42.46,$42.46,"$1,151,668,076","$11,575,451,927"
"May 11, 2021",$42.87,$45.15,$39.76,$44.58,"$473,731,333","$12,153,486,130"
"May 10, 2021",$44.34,$45.88,$39.56,$42.91,"$499,528,076","$11,698,772,287"
"May 09, 2021",$45.62,$47.12,$43.30,$44.33,"$510,603,312","$12,086,070,502"
"May 08, 2021",$43.15,$46.64,$42.30,$45.56,"$451,056,655","$12,421,778,451"
"May 07, 2021",$43.50,$46.06,$41.44,$43.16,"$514,344,601","$11,765,673,243"
"May 06, 2021",$44.97,$44.97,$42.59,$43.46,"$391,497,018","$11,847,643,596"
"May 05, 2021",$42.64,$45.93,$42.32,$44.92,"$503,781,975","$12,247,847,970"
"May 04, 2021",$45.98,$47.76,$42.31,$42.73,"$682,976,428","$11,649,676,283"
"May 03, 2021",$46.90,$49.01,$45.04,$45.93,"$609,194,252","$12,523,242,921"
"May 02, 2021",$49.50,$49.90,$45.98,$46.89,"$571,072,187","$12,784,244,033"
"May 01, 2021",$42.89,$49.84,$42.03,$49.51,"$859,524,423","$13,490,574,631"
"Apr 30, 2021",$42.50,$44.27,$41.24,$42.96,"$534,976,437","$11,604,419,645"
"Apr 29, 2021",$44.85,$46.07,$40.95,$42.46,"$772,259,307","$11,470,583,798"
"Apr 28, 2021",$43.16,$46.92,$40.67,$44.83,"$1,021,154,320","$12,103,108,335"
"Apr 27, 2021",$43.89,$46.55,$42.56,$43.24,"$904,891,996","$11,674,627,043"
"Apr 26, 2021",$47.54,$48.31,$43.37,$43.98,"$1,357,487,872","$11,867,353,942"
"Apr 25, 2021",$40.85,$48.43,$40.51,$47.37,"$1,583,800,800","$12,782,467,831"
"Apr 24, 2021",$37.26,$43.53,$34.68,$40.74,"$1,101,380,795","$10,993,246,511"
"Apr 23, 2021",$38.90,$41.46,$31.66,$36.98,"$1,612,232,268","$9,984,870,962"
"Apr 22, 2021",$32.68,$40.97,$31.60,$38.88,"$1,638,622,971","$10,498,268,248"
"Apr 21, 2021",$31.68,$35.00,$30.17,$32.51,"$729,130,141","$8,779,135,000"
"Apr 20, 2021",$31.48,$32.70,$28.93,$31.77,"$793,008,154","$8,578,513,611"
"Apr 19, 2021",$32.34,$36.08,$29.93,$31.68,"$1,219,130,981","$8,553,088,910"
"Apr 18, 2021",$25.14,$32.90,$21.54,$32.30,"$1,155,150,688","$8,722,397,355"
"Apr 17, 2021",$25.37,$26.82,$25.10,$25.10,"$201,720,376","$6,777,439,470"
"Apr 16, 2021",$27.82,$28.23,$24.97,$25.40,"$240,665,351","$6,857,767,812"
"Apr 15, 2021",$26.44,$28.25,$25.54,$27.82,"$221,346,739","$7,511,469,370"
"Apr 14, 2021",$27.40,$27.48,$24.79,$26.48,"$342,565,805","$7,148,779,205"
"Apr 13, 2021",$28.54,$28.80,$26.42,$27.44,"$258,183,912","$7,408,116,848"
"Apr 12, 2021",$27.92,$29.86,$26.84,$28.51,"$308,804,546","$7,698,811,333"
"Apr 11, 2021",$26.81,$28.69,$25.58,$27.93,"$232,938,762","$7,542,139,623"
"Apr 10, 2021",$27.65,$28.26,$25.96,$26.84,"$270,235,258","$7,247,692,204"
"Apr 09, 2021",$26.99,$29.01,$26.90,$27.78,"$282,477,938","$7,456,149,620"
"Apr 08, 2021",$26.51,$27.97,$25.72,$27.03,"$377,988,327","$7,256,370,567"
"Apr 07, 2021",$25.15,$27.49,$23.09,$26.48,"$676,846,221","$7,107,155,851"
"Apr 06, 2021",$22.98,$25.35,$21.88,$24.96,"$320,886,935","$6,695,596,354"
"Apr 05, 2021",$23.93,$24.78,$22.81,$22.98,"$264,085,329","$6,166,314,087"
"Apr 04, 2021",$22.53,$25.57,$22.21,$24.06,"$426,557,980","$6,455,269,614"
"Apr 03, 2021",$19.80,$23.83,$19.79,$22.55,"$483,057,740","$6,047,400,068"
"Apr 02, 2021",$19.08,$19.82,$18.57,$19.81,"$131,061,660","$5,312,121,532"
"Apr 01, 2021",$19.42,$20.36,$18.84,$19.08,"$173,731,886","$5,121,089,267"
"Mar 31, 2021",$19.10,$19.80,$18.16,$19.47,"$206,011,018","$5,220,539,301"
"Mar 30, 2021",$18.89,$20.87,$18.89,$19.23,"$264,028,427","$5,158,507,266"
"Mar 29, 2021",$18.08,$18.99,$17.70,$18.85,"$216,748,601","$5,056,832,100"
"Mar 28, 2021",$16.48,$19.39,$16.35,$18.02,"$426,120,062","$4,829,519,370"
"Mar 27, 2021",$14.79,$16.80,$14.76,$16.51,"$223,872,587","$4,425,303,443"
"Mar 26, 2021",$13.02,$14.80,$12.37,$14.78,"$149,987,319","$3,950,586,428"
"Mar 25, 2021",$13.65,$13.71,$12.61,$13.03,"$116,277,943","$3,479,892,567"
"Mar 24, 2021",$14.19,$15.37,$13.66,$13.66,"$118,813,690","$3,649,871,266"
"Mar 23, 2021",$14.85,$15.24,$14.10,$14.20,"$106,780,662","$3,801,136,716"
"Mar 22, 2021",$14.35,$16.60,$14.20,$14.92,"$260,995,136","$3,990,311,753"
"Mar 21, 2021",$14.22,$14.37,$13.67,$14.33,"$64,229,338","$3,833,292,243"
"Mar 20, 2021",$14.20,$14.98,$14.15,$14.21,"$68,049,683","$3,801,139,605"
"Mar 19, 2021",$14.23,$14.49,$13.93,$14.20,"$68,715,211","$3,797,317,089"
"Mar 18, 2021",$14.21,$14.75,$13.83,$14.23,"$79,074,263","$3,804,064,054"
"Mar 17, 2021",$13.63,$14.27,$13.13,$14.22,"$94,696,339","$3,799,767,227"
"Mar 16, 2021",$14.16,$14.28,$13.23,$13.62,"$112,303,590","$3,640,763,691"
"Mar 15, 2021",$14.48,$14.79,$13.70,$14.19,"$102,600,692","$3,791,467,511"
"Mar 14, 2021",$15.30,$15.35,$14.38,$14.51,"$90,232,804","$3,875,721,099"
"Mar 13, 2021",$14.56,$15.39,$13.92,$15.31,"$145,102,757","$4,089,578,510"
"Mar 12, 2021",$16.02,$16.49,$14.11,$14.55,"$185,287,457","$3,887,447,694"
"Mar 11, 2021",$14.22,$16.24,$13.70,$15.99,"$229,272,516","$4,270,242,448"
"Mar 10, 2021",$14.85,$15.19,$14.08,$14.23,"$103,150,901","$3,792,593,486"
"Mar 09, 2021",$13.62,$14.99,$13.32,$14.85,"$134,867,044","$3,948,141,943"
"Mar 08, 2021",$13.83,$13.87,$13.08,$13.60,"$115,525,659","$3,562,414,837"
"Mar 07, 2021",$13.04,$14.00,$12.73,$13.88,"$117,548,176","$3,634,579,983"
"Mar 06, 2021",$12.57,$13.27,$11.90,$13.04,"$118,851,546","$3,414,250,123"
"Mar 05, 2021",$13.07,$13.08,$12.18,$12.61,"$90,978,408","$3,302,676,699"
"Mar 04, 2021",$14.09,$14.26,$12.77,$13.10,"$116,364,466","$3,430,363,627"
"Mar 03, 2021",$13.96,$14.73,$13.77,$14.12,"$153,830,742","$3,696,875,107"
"Mar 02, 2021",$14.97,$15.22,$13.46,$13.96,"$178,549,852","$3,655,843,424"
"Mar 01, 2021",$13.11,$15.52,$13.06,$14.96,"$306,451,693","$3,916,870,452"
"Feb 28, 2021",$13.21,$13.78,$11.49,$13.09,"$300,493,226","$3,428,075,567"
"Feb 27, 2021",$13.60,$14.61,$13.06,$13.20,"$247,640,940","$3,457,387,613"
"Feb 26, 2021",$13.87,$15.48,$13.12,$13.59,"$289,687,328","$3,558,683,581"
"Feb 25, 2021",$17.23,$17.70,$13.80,$13.82,"$364,505,276","$3,618,415,995"
"Feb 24, 2021",$15.21,$18.15,$14.86,$17.30,"$375,439,707","$4,531,581,357"
"Feb 23, 2021",$14.42,$15.74,$11.60,$15.20,"$485,252,846","$3,981,284,943"
"Feb 22, 2021",$11.07,$14.55,$9.26,$14.45,"$574,136,241","$3,785,710,139"
"Feb 21, 2021",$9.99,$11.64,$9.89,$11.09,"$137,742,366","$2,903,297,330"
"Feb 20, 2021",$11.48,$11.79,$9.82,$10.00,"$140,264,810","$2,619,699,068"
"Feb 19, 2021",$8.98,$11.68,$8.56,$11.47,"$261,175,711","$3,002,856,057"
"Feb 18, 2021",$8.23,$9.28,$8.23,$8.98,"$77,306,770","$2,351,981,649"
"Feb 17, 2021",$8.30,$8.43,$7.54,$8.22,"$89,948,578","$2,153,494,093"
"Feb 16, 2021",$8.86,$8.98,$7.98,$8.30,"$71,625,205","$2,173,212,554"
"Feb 15, 2021",$8.72,$9.31,$7.84,$8.86,"$109,854,635","$2,320,890,605"
"Feb 14, 2021",$8.74,$9.22,$8.56,$8.74,"$93,500,423","$2,288,717,995"
"Feb 13, 2021",$9.24,$9.50,$8.68,$8.73,"$91,417,968","$2,287,031,137"
"Feb 12, 2021",$9.21,$9.92,$9.08,$9.25,"$91,484,664","$2,421,793,705"
"Feb 11, 2021",$9.08,$9.71,$8.76,$9.22,"$53,600,048","$2,413,501,984"
"Feb 10, 2021",$7.82,$9.07,$7.61,$9.07,"$120,679,902","$2,376,014,106"
"Feb 09, 2021",$7.87,$8.47,$7.57,$7.82,"$121,037,873","$2,047,219,103"
"Feb 08, 2021",$6.70,$8.06,$6.49,$7.88,"$155,254,261","$2,064,624,150"
"Feb 07, 2021",$6.12,$6.87,$5.77,$6.70,"$105,451,103","$1,754,852,114"
"Feb 06, 2021",$6.69,$6.80,$5.71,$6.11,"$102,365,494","$1,600,421,107"
"Feb 05, 2021",$6.44,$7.13,$6.43,$6.68,"$92,892,157","$1,749,943,463"
"Feb 04, 2021",$5.73,$6.53,$5.60,$6.43,"$108,249,482","$1,682,987,249"
"Feb 03, 2021",$5.25,$5.78,$5.07,$5.72,"$49,386,327","$1,497,018,527"
"Feb 02, 2021",$4.61,$5.40,$4.48,$5.27,"$98,755,962","$1,379,560,961"
"Feb 01, 2021",$4.26,$4.61,$4.12,$4.61,"$39,361,629","$1,207,779,153"
"Jan 31, 2021",$4.24,$4.79,$4.17,$4.26,"$78,376,267","$1,116,779,909"
"Jan 30, 2021",$3.84,$4.31,$3.77,$4.22,"$53,378,198","$1,106,338,354"
"Jan 29, 2021",$3.86,$3.89,$3.64,$3.83,"$44,053,151","$1,004,302,165"
"Jan 28, 2021",$3.69,$3.94,$3.61,$3.82,"$31,410,527","$1,001,001,164"
"Jan 27, 2021",$4.05,$4.05,$3.53,$3.69,"$35,195,110","$966,565,280"
"Jan 26, 2021",$3.70,$4.10,$3.68,$4.05,"$78,823,456","$1,060,001,508"
"Jan 25, 2021",$3.63,$3.97,$3.45,$3.70,"$80,055,958","$969,025,482"
"Jan 24, 2021",$3.51,$3.79,$3.49,$3.63,"$32,747,555","$951,852,780"
"Jan 23, 2021",$3.34,$3.60,$3.32,$3.50,"$27,904,470","$917,727,296"
"Jan 22, 2021",$2.99,$3.50,$2.54,$3.35,"$63,361,382","$876,377,707"
"Jan 21, 2021",$3.72,$3.73,$2.98,$2.99,"$43,834,765","$783,221,763"
"Jan 20, 2021",$3.64,$3.74,$3.34,$3.72,"$46,698,656","$975,205,612"
"Jan 19, 2021",$3.79,$4.03,$3.61,$3.64,"$44,547,768","$953,805,116"
"Jan 18, 2021",$3.82,$4.15,$3.66,$3.80,"$70,601,713","$994,045,884"
"Jan 17, 2021",$3.43,$3.97,$3.32,$3.82,"$85,407,766","$999,971,153"
"Jan 16, 2021",$3.25,$3.70,$3.25,$3.45,"$68,035,606","$902,784,094"
"Jan 15, 2021",$3.28,$3.44,$2.99,$3.25,"$45,331,739","$851,217,713"
"Jan 14, 2021",$3.52,$3.54,$3.18,$3.28,"$59,283,112","$858,551,672"
"Jan 13, 2021",$3.63,$3.63,$3.27,$3.51,"$57,994,893","$920,261,107"
"Jan 12, 2021",$3.10,$3.84,$3.08,$3.61,"$73,484,689","$946,351,028"
"Jan 11, 2021",$3.46,$3.51,$2.60,$3.11,"$82,877,500","$814,011,025"
"Jan 10, 2021",$3.39,$3.73,$3.20,$3.47,"$62,766,977","$907,777,180"
"Jan 09, 2021",$3.22,$3.66,$2.94,$3.39,"$91,906,875","$886,634,796"
"Jan 08, 2021",$2.37,$3.78,$2.18,$3.22,"$206,412,154","$843,292,265"
"Jan 07, 2021",$1.94,$2.61,$1.93,$2.37,"$159,870,278","$621,424,746"
"Jan 06, 2021",$2.16,$2.19,$1.91,$1.93,"$50,263,975","$89,843,518"
"Jan 05, 2021",$2.49,$2.50,$2.08,$2.16,"$50,555,207","$100,461,486"
"Jan 04, 2021",$2.16,$2.49,$1.88,$2.49,"$59,955,405","$115,730,856"
"Jan 03, 2021",$1.80,$2.36,$1.80,$2.16,"$55,073,422","$100,672,675"
"Jan 02, 2021",$1.85,$1.99,$1.72,$1.80,"$31,671,064","$83,792,134"
"Jan 01, 2021",$1.51,$1.86,$1.50,$1.84,"$25,722,549","$85,785,758"
"Dec 31, 2020",$1.54,$1.55,$1.43,$1.51,"$12,763,260","$70,362,440"
"Dec 30, 2020",$1.67,$1.68,$1.53,$1.54,"$12,663,616","$71,506,163"
"Dec 29, 2020",$1.52,$1.73,$1.44,$1.67,"$26,355,259","$77,974,154"
"Dec 28, 2020",$1.30,$1.52,$1.29,$1.52,"$12,668,150","$70,585,367"
"Dec 27, 2020",$1.33,$1.41,$1.27,$1.30,"$12,286,531","$60,682,596"
"Dec 26, 2020",$1.45,$1.45,$1.31,$1.32,"$6,798,656","$61,669,700"
"Dec 25, 2020",$1.36,$1.45,$1.35,$1.45,"$9,359,549","$67,312,350"
"Dec 24, 2020",$1.21,$1.38,$1.17,$1.36,"$9,236,939","$63,447,288"
"Dec 23, 2020",$1.49,$1.51,$1.09,$1.21,"$16,776,307","$56,149,028"
"Dec 22, 2020",$1.54,$1.57,$1.47,$1.49,"$11,066,565","$69,402,540"
"Dec 21, 2020",$1.56,$1.62,$1.50,$1.54,"$8,333,991","$71,806,911"
"Dec 20, 2020",$1.67,$1.68,$1.53,$1.56,"$9,093,229","$72,815,661"
"Dec 19, 2020",$1.70,$1.76,$1.66,$1.67,"$9,095,045","$77,708,968"
"Dec 18, 2020",$1.68,$1.71,$1.64,$1.70,"$7,879,397","$79,113,025"
"Dec 17, 2020",$1.78,$1.80,$1.66,$1.68,"$15,461,477","$78,173,905"
"Dec 16, 2020",$1.76,$1.79,$1.61,$1.78,"$18,277,631","$83,062,059"
"Dec 15, 2020",$1.59,$1.80,$1.59,$1.76,"$19,470,080","$81,994,578"
"Dec 14, 2020",$1.57,$1.62,$1.52,$1.59,"$8,672,052","$74,028,444"
"Dec 13, 2020",$1.49,$1.64,$1.46,$1.57,"$8,389,349","$72,419,790"
"Dec 12, 2020",$1.44,$1.54,$1.44,$1.49,"$7,085,231","$68,971,785"
"Dec 11, 2020",$1.57,$1.58,$1.44,$1.44,"$8,273,918","$66,829,093"
"Dec 10, 2020",$1.66,$1.67,$1.55,$1.57,"$6,167,983","$72,823,506"
"Dec 09, 2020",$1.66,$1.67,$1.50,$1.66,"$10,461,119","$76,902,163"
"Dec 08, 2020",$1.83,$1.83,$1.65,$1.67,"$11,304,051","$77,043,677"
"Dec 07, 2020",$1.85,$1.90,$1.81,$1.83,"$6,425,070","$84,715,589"
"Dec 06, 2020",$1.98,$1.98,$1.82,$1.85,"$7,167,230","$85,784,205"
"Dec 05, 2020",$1.86,$1.98,$1.83,$1.98,"$7,750,781","$91,545,973"
"Dec 04, 2020",$2.10,$2.11,$1.85,$1.86,"$9,019,864","$85,864,512"
"Dec 03, 2020",$2.12,$2.22,$2.09,$2.10,"$18,106,122","$97,172,886"
"Dec 02, 2020",$1.98,$2.19,$1.96,$2.12,"$15,849,828","$97,869,065"
"Dec 01, 2020",$1.97,$2.13,$1.93,$1.98,"$12,847,022","$91,432,079"
"Nov 30, 2020",$1.92,$2.01,$1.91,$1.97,"$8,716,571","$90,995,987"
"Nov 29, 2020",$1.89,$1.94,$1.86,$1.92,"$6,139,511","$88,124,520"
"Nov 28, 2020",$1.86,$1.94,$1.81,$1.89,"$11,661,883","$86,918,647"
"Nov 27, 2020",$1.90,$1.97,$1.78,$1.86,"$13,307,808","$85,493,470"
"Nov 26, 2020",$2.27,$2.29,$1.74,$1.90,"$33,038,223","$87,568,857"
"Nov 25, 2020",$2.27,$2.48,$2.18,$2.27,"$24,870,951","$104,457,114"
"Nov 24, 2020",$2.28,$2.47,$2.14,$2.27,"$25,036,626","$104,362,815"
"Nov 23, 2020",$2.14,$2.35,$2.12,$2.28,"$15,487,339","$104,749,493"
"Nov 22, 2020",$2.38,$2.40,$2.05,$2.14,"$16,416,065","$98,697,801"
"Nov 21, 2020",$2.10,$2.50,$2.05,$2.38,"$20,288,343","$109,362,385"
"Nov 20, 2020",$2.08,$2.23,$2.06,$2.10,"$11,113,990","$96,196,100"
"Nov 19, 2020",$2.12,$2.18,$2.02,$2.08,"$10,155,987","$95,341,922"
"Nov 18, 2020",$2.20,$2.21,$2.01,$2.12,"$14,629,648","$97,099,241"
"Nov 17, 2020",$2.28,$2.32,$2.13,$2.20,"$17,074,175","$101,100,128"
"Nov 16, 2020",$2.04,$2.36,$1.99,$2.26,"$22,156,135","$103,541,326"
"Nov 15, 2020",$1.92,$2.21,$1.92,$2.04,"$18,621,333","$93,803,904"
"Nov 14, 2020",$2.02,$2.03,$1.88,$1.92,"$8,134,593","$88,007,184"
"Nov 13, 2020",$1.90,$2.06,$1.90,$2.02,"$11,621,744","$92,772,232"
"Nov 12, 2020",$2.00,$2.05,$1.83,$1.90,"$11,506,048","$87,162,761"
"Nov 11, 2020",$2.25,$2.28,$1.97,$2.00,"$13,877,949","$91,879,509"
"Nov 10, 2020",$2.03,$2.31,$2.01,$2.25,"$16,170,833","$103,163,301"
"Nov 09, 2020",$2.16,$2.19,$1.96,$2.03,"$18,210,626","$93,091,959"
"Nov 08, 2020",$2.03,$2.26,$1.97,$2.16,"$25,931,043","$98,950,578"
"Nov 07, 2020",$1.91,$2.48,$1.84,$2.03,"$51,426,100","$93,232,782"
"Nov 06, 2020",$1.41,$1.94,$1.40,$1.91,"$22,547,497","$87,809,006"
"Nov 05, 2020",$1.39,$1.49,$1.30,$1.41,"$8,924,132","$64,476,760"
"Nov 04, 2020",$1.41,$1.41,$1.28,$1.39,"$11,406,316","$63,882,413"
"Nov 03, 2020",$1.47,$1.48,$1.41,$1.41,"$6,536,977","$64,772,687"
"Nov 02, 2020",$1.60,$1.63,$1.47,$1.47,"$6,366,346","$67,496,510"
"Nov 01, 2020",$1.54,$1.64,$1.51,$1.60,"$6,877,557","$73,254,104"
"Oct 31, 2020",$1.44,$1.55,$1.43,$1.54,"$6,449,388","$70,546,511"
"Oct 30, 2020",$1.43,$1.47,$1.34,$1.44,"$8,528,336","$65,997,125"
"Oct 29, 2020",$1.49,$1.57,$1.41,$1.43,"$8,024,138","$65,429,707"
"Oct 28, 2020",$1.71,$1.72,$1.39,$1.49,"$17,089,719","$68,228,555"
"Oct 27, 2020",$1.69,$1.75,$1.61,$1.71,"$14,384,427","$78,274,491"
"Oct 26, 2020",$1.79,$1.86,$1.63,$1.69,"$13,396,736","$76,302,194"
"Oct 25, 2020",$1.91,$1.92,$1.77,$1.79,"$9,092,334","$80,026,192"
"Oct 24, 2020",$1.96,$1.96,$1.88,$1.91,"$7,581,827","$85,116,778"
"Oct 23, 2020",$1.96,$1.98,$1.85,$1.96,"$11,497,445","$87,263,476"
"Oct 22, 2020",$1.89,$2.08,$1.89,$1.96,"$11,445,663","$86,579,897"
"Oct 21, 2020",$1.89,$2.07,$1.86,$1.89,"$19,275,509","$82,745,351"
"Oct 20, 2020",$2.06,$2.10,$1.85,$1.89,"$13,129,043","$82,671,093"
"Oct 19, 2020",$2.21,$2.21,$2.05,$2.06,"$8,248,860","$89,572,373"
"Oct 18, 2020",$2.20,$2.25,$2.18,$2.21,"$6,294,162","$96,370,525"
"Oct 17, 2020",$2.15,$2.24,$2.13,$2.20,"$6,612,612","$95,830,288"
"Oct 16, 2020",$2.27,$2.27,$2.13,$2.15,"$13,637,728","$93,547,687"
"Oct 15, 2020",$2.31,$2.34,$2.20,$2.27,"$8,332,483","$98,642,538"
"Oct 14, 2020",$2.41,$2.44,$2.25,$2.31,"$9,436,239","$100,565,804"
"Oct 13, 2020",$2.58,$2.58,$2.35,$2.40,"$11,415,737","$104,488,549"
"Oct 12, 2020",$2.43,$2.70,$2.42,$2.59,"$12,289,969","$109,780,567"
"Oct 11, 2020",$2.41,$2.46,$2.34,$2.43,"$7,170,647","$102,970,676"
"Oct 10, 2020",$2.54,$2.59,$2.40,$2.41,"$8,842,884","$102,101,820"
"Oct 09, 2020",$2.37,$2.63,$2.32,$2.54,"$12,002,959","$107,778,852"
"Oct 08, 2020",$2.30,$2.43,$2.03,$2.37,"$14,931,922","$100,368,607"
"Oct 07, 2020",$2.18,$2.39,$2.10,$2.29,"$11,759,752","$96,678,235"
"Oct 06, 2020",$2.66,$2.66,$2.15,$2.18,"$9,739,071","$90,716,350"
"Oct 05, 2020",$2.52,$2.66,$2.47,$2.66,"$8,105,684","$110,119,118"
"Oct 04, 2020",$2.54,$2.59,$2.43,$2.52,"$7,075,729","$104,250,459"
"Oct 03, 2020",$2.63,$2.67,$2.55,$2.55,"$6,155,891","$104,274,636"
"Oct 02, 2020",$2.86,$2.88,$2.46,$2.63,"$15,856,539","$107,500,111"
"Oct 01, 2020",$2.90,$2.99,$2.66,$2.86,"$10,825,966","$116,403,067"
"Sep 30, 2020",$2.95,$2.98,$2.84,$2.90,"$7,767,702","$117,178,460"
"Sep 29, 2020",$2.96,$3.01,$2.90,$2.95,"$8,821,253","$117,872,307"
"Sep 28, 2020",$3.15,$3.20,$2.94,$2.96,"$10,950,201","$116,996,606"
"Sep 27, 2020",$3.13,$3.17,$3.01,$3.15,"$9,734,368","$123,455,191"
"Sep 26, 2020",$3.19,$3.20,$3.04,$3.13,"$11,018,475","$121,440,587"
"Sep 25, 2020",$3.15,$3.27,$2.91,$3.19,"$15,935,143","$122,206,478"
"Sep 24, 2020",$2.84,$3.25,$2.80,$3.13,"$18,993,326","$118,764,708"
"Sep 23, 2020",$2.93,$3.07,$2.75,$2.84,"$16,096,650","$107,545,200"
"Sep 22, 2020",$2.77,$2.99,$2.67,$2.92,"$18,556,523","$110,493,813"
"Sep 21, 2020",$2.87,$3.03,$2.50,$2.78,"$19,492,894","$104,757,856"
"Sep 20, 2020",$3.03,$3.03,$2.72,$2.87,"$9,217,295","$107,361,555"
"Sep 19, 2020",$3.11,$3.25,$2.97,$3.03,"$10,763,973","$113,270,346"
"Sep 18, 2020",$2.89,$3.16,$2.74,$3.11,"$23,510,207","$116,227,098"
"Sep 17, 2020",$2.55,$2.93,$2.37,$2.89,"$23,792,220","$107,424,214"
"Sep 16, 2020",$2.94,$2.94,$2.45,$2.55,"$24,199,804","$93,917,563"
"Sep 15, 2020",$3.27,$3.32,$2.92,$2.94,"$11,992,538","$107,710,516"
"Sep 14, 2020",$3.23,$3.52,$3.09,$3.27,"$21,301,450","$118,987,736"
"Sep 13, 2020",$3.34,$3.47,$3.01,$3.23,"$15,316,353","$113,349,810"
"Sep 12, 2020",$3.42,$3.47,$3.15,$3.33,"$10,368,518","$117,103,943"
"Sep 11, 2020",$3.47,$3.50,$3.04,$3.43,"$17,090,627","$120,434,613"
"Sep 10, 2020",$3.64,$3.85,$3.32,$3.47,"$31,177,875","$120,996,909"
"Sep 09, 2020",$2.47,$3.75,$2.39,$3.64,"$52,354,542","$125,895,646"
"Sep 08, 2020",$2.93,$2.94,$2.40,$2.47,"$10,163,725","$84,805,195"
"Sep 07, 2020",$3.09,$3.19,$2.39,$2.93,"$17,135,013","$99,856,838"
"Sep 06, 2020",$2.60,$3.18,$2.29,$3.09,"$20,375,890","$103,685,157"
"Sep 05, 2020",$3.55,$3.66,$2.19,$2.60,"$25,062,205","$87,285,369"
"Sep 04, 2020",$3.52,$3.83,$3.20,$3.55,"$17,729,340","$119,132,915"
"Sep 03, 2020",$4.17,$4.44,$3.53,$3.53,"$26,473,634","$117,631,513"
"Sep 02, 2020",$4.35,$4.36,$3.71,$4.16,"$23,655,802","$137,185,057"
"Sep 01, 2020",$4.78,$4.94,$4.34,$4.34,"$16,944,927","$142,029,236"
"Aug 31, 2020",$4.42,$4.87,$4.11,$4.78,"$20,950,150","$155,135,267"
"Aug 30, 2020",$3.97,$4.71,$3.92,$4.44,"$22,220,239","$143,848,364"
"Aug 29, 2020",$4.01,$4.11,$3.79,$3.97,"$14,585,964","$128,704,140"
"Aug 28, 2020",$3.45,$4.31,$3.45,$4.01,"$27,212,888","$130,085,569"
"Aug 27, 2020",$3.56,$3.85,$3.29,$3.45,"$21,031,356","$111,060,306"
"Aug 26, 2020",$3.27,$3.80,$3.19,$3.56,"$22,147,431","$113,824,142"
"Aug 25, 2020",$3.35,$3.36,$3.03,$3.26,"$13,444,308","$103,619,132"
"Aug 24, 2020",$3.31,$3.61,$3.22,$3.34,"$15,785,208","$106,162,866"
"Aug 23, 2020",$3.02,$3.40,$3.02,$3.32,"$11,991,402","$104,616,816"
"Aug 22, 2020",$2.95,$3.19,$2.76,$3.02,"$10,296,805","$95,122,114"
"Aug 21, 2020",$3.21,$3.22,$2.91,$2.94,"$11,796,736","$92,690,989"
"Aug 20, 2020",$2.90,$3.43,$2.90,$3.21,"$13,756,478","$101,023,083"
"Aug 19, 2020",$3.33,$3.48,$2.84,$2.90,"$14,838,389","$91,286,346"
"Aug 18, 2020",$3.10,$3.71,$2.89,$3.33,"$30,350,145","$103,607,423"
"Aug 17, 2020",$3.39,$3.39,$3.09,$3.10,"$10,723,919","$90,597,950"
"Aug 16, 2020",$3.19,$3.47,$3.14,$3.39,"$10,395,313","$98,990,654"
"Aug 15, 2020",$3.41,$3.72,$3.17,$3.18,"$13,155,762","$93,088,677"
"Aug 14, 2020",$3.76,$3.79,$3.33,$3.41,"$18,427,950","$99,684,621"
"Aug 13, 2020",$3.77,$4.16,$3.53,$3.76,"$28,236,179","$64,766,753"
"Aug 12, 2020",$3.31,$3.92,$3.10,$3.77,"$28,461,707","$65,004,788"
"Aug 11, 2020",$3.13,$3.49,$2.75,$3.30,"$36,356,155","$56,963,800"
"Aug 10, 2020",$2.67,$3.40,$2.53,$3.13,"$22,863,251","$54,004,594"
"Aug 09, 2020",$2.47,$2.71,$2.30,$2.67,"$12,107,837","$45,959,454"
"Aug 08, 2020",$2.08,$2.57,$2.03,$2.47,"$10,919,229","$42,655,747"
"Aug 07, 2020",$2.20,$2.20,$1.89,$2.09,"$8,068,102","$35,970,037"
"Aug 06, 2020",$1.75,$2.23,$1.75,$2.21,"$11,143,557","$38,047,324"
"Aug 05, 2020",$1.87,$1.89,$1.71,$1.75,"$5,405,764","$30,256,506"
"Aug 04, 2020",$1.80,$1.95,$1.79,$1.87,"$5,495,665","$32,275,884"
"Aug 03, 2020",$1.73,$1.83,$1.67,$1.80,"$5,836,036","$31,085,735"
"Aug 02, 2020",$1.53,$1.75,$1.41,$1.74,"$7,216,576","$30,054,694"
"Aug 01, 2020",$1.53,$1.66,$1.50,$1.53,"$4,589,882","$26,326,510"
"Jul 31, 2020",$1.69,$1.69,$1.51,$1.54,"$4,822,046","$26,526,191"
"Jul 30, 2020",$1.66,$1.80,$1.64,$1.69,"$5,222,980","$29,089,540"
"Jul 29, 2020",$1.79,$2.10,$1.59,$1.66,"$10,348,945","$28,597,943"
"Jul 28, 2020",$1.78,$1.86,$1.61,$1.78,"$9,692,632","$30,767,254"
"Jul 27, 2020",$1.57,$2.04,$1.56,$1.78,"$32,838,355","$30,673,811"
"Jul 26, 2020",$1.24,$1.62,$1.24,$1.57,"$10,463,130","$26,991,607"
"Jul 25, 2020",$1.00,$1.43,$1.00,$1.25,"$9,978,279","$21,595,765"
"Jul 24, 2020",$1.05,$1.05,$0.97,$1.00,"$1,991,763","$17,165,795"
"Jul 23, 2020",$1.05,$1.10,$1.00,$1.05,"$2,970,423","$18,105,796"
"Jul 22, 2020",$0.98,$1.10,$0.97,$1.04,"$5,295,002","$18,006,642"
"Jul 21, 2020",$0.87,$1.01,$0.86,$0.98,"$4,299,502","$16,852,602"
"Jul 20, 2020",$0.92,$0.92,$0.85,$0.87,"$3,036,871","$15,057,755"
"Jul 19, 2020",$0.97,$0.97,$0.90,$0.92,"$2,206,671","$15,872,928"
"Jul 18, 2020",$0.98,$1.00,$0.93,$0.97,"$2,923,007","$16,670,417"
"Jul 17, 2020",$0.87,$1.05,$0.80,$0.98,"$8,973,774","$16,864,619"
"Jul 16, 2020",$1.28,$1.37,$0.86,$0.87,"$7,486,568","$15,046,966"
"Jul 15, 2020",$1.15,$1.40,$1.14,$1.29,"$3,355,229","$22,241,797"
"Jul 14, 2020",$1.17,$1.25,$1.12,$1.15,"$2,213,135","$19,801,055"
"Jul 13, 2020",$1.02,$1.29,$1.01,$1.18,"$4,062,069","$20,278,238"
"Jul 12, 2020",$0.92,$1.13,$0.91,$1.02,"$4,693,371","$17,535,716"
"Jul 11, 2020",$0.91,$0.93,$0.86,$0.92,"$1,788,814","$15,947,476"
"Jul 10, 2020",$0.85,$0.94,$0.84,$0.91,"$1,856,095","$15,756,748"
"Jul 09, 2020",$0.79,$0.88,$0.76,$0.85,"$2,668,724","$14,720,152"
"Jul 08, 2020",$0.75,$0.83,$0.74,$0.80,"$2,220,223","$13,741,613"
"Jul 07, 2020",$0.71,$0.78,$0.70,$0.75,"$1,700,041","$12,988,566"
"Jul 06, 2020",$0.69,$0.72,$0.69,$0.71,"$1,120,773","$12,210,073"
"Jul 05, 2020",$0.78,$0.79,$0.64,$0.69,"$3,799,016","$11,929,966"
"Jul 04, 2020",$0.77,$0.82,$0.76,$0.78,"$1,644,301","$13,460,111"
"Jul 03, 2020",$0.78,$0.79,$0.76,$0.77,"$1,144,958","$13,248,410"
"Jul 02, 2020",$0.83,$0.84,$0.75,$0.78,"$1,749,581","$13,457,644"
"Jul 01, 2020",$0.86,$0.90,$0.82,$0.83,"$1,772,560","$14,361,931"
"Jun 30, 2020",$0.85,$1.03,$0.85,$0.86,"$3,887,548","$14,835,525"
"Jun 29, 2020",$0.80,$0.89,$0.77,$0.85,"$2,147,791","$14,703,825"
"Jun 28, 2020",$0.71,$0.84,$0.69,$0.80,"$3,412,582","$13,773,165"
"Jun 27, 2020",$0.74,$0.75,$0.68,$0.71,"$1,681,428","$12,307,979"
"Jun 26, 2020",$0.71,$0.75,$0.68,$0.74,"$1,664,662","$12,784,053"
"Jun 25, 2020",$0.74,$0.76,$0.70,$0.71,"$1,751,581","$12,301,988"
"Jun 24, 2020",$0.71,$0.80,$0.69,$0.74,"$2,769,054","$12,712,583"
"Jun 23, 2020",$0.73,$0.76,$0.70,$0.71,"$1,327,340","$12,217,639"
"Jun 22, 2020",$0.67,$0.74,$0.65,$0.73,"$1,620,388","$12,537,696"
"Jun 21, 2020",$0.65,$0.75,$0.64,$0.67,"$2,238,347","$11,611,482"
"Jun 20, 2020",$0.68,$0.69,$0.63,$0.64,"$1,714,405","$11,101,678"
"Jun 19, 2020",$0.62,$0.84,$0.62,$0.68,"$6,577,471","$11,804,491"
"Jun 18, 2020",$0.58,$0.65,$0.58,$0.62,"$1,349,341","$10,711,335"
"Jun 17, 2020",$0.59,$0.59,$0.57,$0.58,"$673,274","$10,031,846"
"Jun 16, 2020",$0.57,$0.59,$0.57,$0.59,"$652,020","$10,101,141"
"Jun 15, 2020",$0.59,$0.59,$0.55,$0.57,"$942,666","$9,843,525"
"Jun 14, 2020",$0.61,$0.62,$0.58,$0.59,"$873,416","$10,127,118"
"Jun 13, 2020",$0.59,$0.61,$0.59,$0.61,"$764,757","$10,504,346"
"Jun 12, 2020",$0.57,$0.60,$0.57,$0.59,"$940,323","$10,244,352"
"Jun 11, 2020",$0.64,$0.65,$0.57,$0.57,"$1,122,221","$9,897,184"
"Jun 10, 2020",$0.66,$0.67,$0.63,$0.64,"$1,096,203","$11,124,151"
"Jun 09, 2020",$0.67,$0.67,$0.63,$0.66,"$988,327","$11,350,794"
"Jun 08, 2020",$0.62,$0.68,$0.61,$0.67,"$1,440,234","$11,528,696"
"Jun 07, 2020",$0.62,$0.62,$0.59,$0.62,"$716,785","$10,636,270"
"Jun 06, 2020",$0.66,$0.66,$0.61,$0.62,"$1,604,055","$10,737,481"
"Jun 05, 2020",$0.59,$0.70,$0.58,$0.66,"$4,322,092","$11,405,329"
"Jun 04, 2020",$0.59,$0.59,$0.56,$0.59,"$901,641","$10,131,321"
"Jun 03, 2020",$0.56,$0.59,$0.56,$0.59,"$877,446","$10,119,648"
"Jun 02, 2020",$0.58,$0.59,$0.55,$0.56,"$1,295,757","$9,741,011"
"Jun 01, 2020",$0.57,$0.59,$0.57,$0.58,"$2,159,877",$0
"May 31, 2020",$0.59,$0.59,$0.57,$0.57,"$1,892,967",$0
"May 30, 2020",$0.58,$0.60,$0.57,$0.59,"$2,449,095",$0
"May 29, 2020",$0.57,$0.59,$0.57,$0.58,"$2,066,857",$0
"May 28, 2020",$0.59,$0.59,$0.57,$0.58,"$2,662,788",$0
"May 27, 2020",$0.57,$0.61,$0.57,$0.59,"$2,536,916",$0
"May 26, 2020",$0.60,$0.61,$0.57,$0.57,"$2,689,697",$0
"May 25, 2020",$0.55,$0.65,$0.54,$0.60,"$4,509,580",$0
"May 24, 2020",$0.61,$0.61,$0.55,$0.55,"$2,786,816",$0
"May 23, 2020",$0.64,$0.64,$0.59,$0.61,"$2,638,524",$0
"May 22, 2020",$0.61,$0.68,$0.58,$0.64,"$3,411,419",$0
"May 21, 2020",$0.58,$0.61,$0.54,$0.61,"$2,863,017",$0
"May 20, 2020",$0.62,$0.63,$0.58,$0.58,"$2,302,926",$0
"May 19, 2020",$0.65,$0.65,$0.61,$0.62,"$2,380,263",$0
"May 18, 2020",$0.61,$0.67,$0.61,$0.65,"$3,314,359",$0
"May 17, 2020",$0.60,$0.64,$0.59,$0.61,"$2,936,428",$0
"May 16, 2020",$0.56,$0.61,$0.55,$0.60,"$2,300,409",$0
"May 15, 2020",$0.57,$0.57,$0.55,$0.56,"$1,850,070",$0
"May 14, 2020",$0.55,$0.58,$0.55,$0.57,"$2,047,897",$0
"May 13, 2020",$0.54,$0.56,$0.52,$0.55,"$2,326,446",$0
"May 12, 2020",$0.51,$0.56,$0.51,$0.54,"$2,198,625",$0
"May 11, 2020",$0.54,$0.57,$0.51,$0.52,"$2,098,481",$0
"May 10, 2020",$0.60,$0.61,$0.51,$0.54,"$2,327,581",$0
"May 09, 2020",$0.60,$0.63,$0.59,$0.60,"$2,128,503",$0
"May 08, 2020",$0.61,$0.64,$0.59,$0.60,"$2,488,195",$0
"May 07, 2020",$0.62,$0.63,$0.57,$0.61,"$3,355,830",$0
"May 06, 2020",$0.64,$0.67,$0.62,$0.62,"$2,677,563",$0
"May 05, 2020",$0.67,$0.69,$0.63,$0.64,"$2,847,469",$0
"May 04, 2020",$0.68,$0.71,$0.62,$0.67,"$3,443,698",$0
"May 03, 2020",$0.71,$0.73,$0.66,$0.68,"$3,328,344",$0
"May 02, 2020",$0.73,$0.75,$0.71,$0.72,"$3,441,356",$0
"May 01, 2020",$0.69,$0.74,$0.69,$0.73,"$4,164,272",$0
"Apr 30, 2020",$0.75,$0.80,$0.69,$0.69,"$5,016,892",$0
"Apr 29, 2020",$0.66,$0.78,$0.66,$0.75,"$8,801,144",$0
"Apr 28, 2020",$0.58,$0.69,$0.57,$0.66,"$7,470,201",$0
"Apr 27, 2020",$0.64,$0.66,$0.56,$0.57,"$7,406,934",$0
"Apr 26, 2020",$0.65,$0.69,$0.63,$0.64,"$8,320,760",$0
"Apr 25, 2020",$0.63,$0.67,$0.62,$0.64,"$7,311,905",$0
"Apr 24, 2020",$0.62,$0.67,$0.61,$0.63,"$9,064,190",$0
"Apr 23, 2020",$0.69,$0.70,$0.60,$0.63,"$13,485,271",$0
"Apr 22, 2020",$0.58,$0.71,$0.57,$0.69,"$18,828,400",$0
"Apr 21, 2020",$0.54,$0.60,$0.51,$0.59,"$9,711,507",$0
"Apr 20, 2020",$0.61,$0.64,$0.52,$0.54,"$8,342,616",$0
"Apr 19, 2020",$0.68,$0.68,$0.60,$0.61,"$9,289,670",$0
"Apr 18, 2020",$0.66,$0.72,$0.66,$0.68,"$9,782,112",$0
"Apr 17, 2020",$0.69,$0.72,$0.66,$0.66,"$9,870,810",$0
"Apr 16, 2020",$0.63,$0.77,$0.63,$0.69,"$21,346,031",$0
"Apr 15, 2020",$0.67,$0.71,$0.62,$0.65,"$13,075,275",$0
"Apr 14, 2020",$0.78,$0.80,$0.63,$0.66,"$16,747,614",$0
"Apr 13, 2020",$0.89,$0.89,$0.77,$0.78,"$18,211,285",$0
"Apr 12, 2020",$0.79,$0.96,$0.76,$0.88,"$38,736,897",$0
"Apr 11, 2020",$0.95,$1.05,$0.77,$0.78,"$43,862,444",$0
"Apr 10, 2020",$0.83,$1.31,$0.69,$0.95,"$87,364,276",$0